ride_id,start_date,start_time,end_time,biker_weight_lbs,bike_weight,bag_weight,avg_speed,avg_cruising_speed,total_ride_time_sec,total_moving_time_sec,total_distance_mi,total_ascent_ft,total_descent_ft,avg_heart_rate,avg_power,avg_cadence,avg_ambient_temp_F
0x5b086853,2018-05-25,19:47:31,20:27:31,220,25,5,13.720594246730244,14.267175395736,2401.0,1736.0,6.991217043656037,220.15509999999995,237.87250000000006,,118.77367823608151,,
0x5b3c1e5a,2018-07-04,01:09:46,01:42:05,220,25,5,13.615798589807252,14.215438258296722,1940.0,1737.0,6.9943532137190285,152.5664999999998,180.12689999999986,,107.40015043675862,,
0x5ccb413c,2019-05-02,19:13:00,19:53:00,220,25,5,13.784194804865388,14.57450448370207,2401.0,2143.0,8.865921512423627,300.53959999999927,300.53959999999927,,124.47937547472726,,
0x5cccc63c,2019-05-03,22:52:44,23:53:54,220,25,5,11.228317180902794,12.081964463813513,3671.0,2725.0,9.516836116950929,333.34960000000024,280.19740000000024,,86.20829011839727,,
0x5cdbff9c,2019-05-15,12:01:32,12:37:36,220,25,5,14.25686642926105,14.701153709742712,2165.0,1942.0,8.029629626649497,255.26180000000033,211.2964000000003,,132.8454732979206,,
0x5cdc8391,2019-05-15,21:24:33,22:03:38,220,25,5,13.534029795513518,14.453953759695276,2346.0,2044.0,8.452656403899512,234.91960000000086,263.4643000000008,,116.69132510897434,,
0x5ce7dff1,2019-05-24,12:13:37,12:47:43,220,25,5,14.740175595900688,15.179619699503313,2047.0,1880.0,8.018602194441492,260.18330000000026,206.7030000000002,,144.7774724223319,,
0x5ce8606e,2019-05-24,21:21:50,22:00:59,220,25,5,14.162910326401004,14.862342612082507,2350.0,2084.0,8.786243807500043,228.0295000000001,267.40150000000006,,122.55464138829211,,
0x5ce95b96,2019-05-25,15:13:26,16:32:08,220,25,5,11.861247921783221,12.228451496370894,4723.0,2608.0,8.987819600213351,137.80200000000002,113.52260000000001,,83.1270595452924,,
0x5cf1ae78,2019-05-31,22:45:12,23:10:22,220,25,5,10.180335592709074,12.532152430067347,1511.0,847.0,3.2108607143285166,56.76129999999989,113.19450000000006,,58.79874690152381,,
0x5cf519b8,2019-06-03,12:59:36,13:35:24,220,25,5,13.329584937873465,14.040830941460735,2149.0,1692.0,6.794680653032923,301.8520000000002,214.24930000000006,,133.04328529658986,,
0x5cf59935,2019-06-03,22:03:33,22:38:31,220,25,5,14.902359971216946,15.429487259679322,2099.0,1540.0,6.730730324855551,214.24929999999972,299.55529999999976,,133.25926386631107,,
0x5cf66368,2019-06-04,12:26:16,13:00:00,220,25,5,14.976250387248127,15.655414357965586,2025.0,1526.0,6.769645121436649,310.05449999999996,222.12369999999987,,168.13616694444846,,
0x5cf6e3eb,2019-06-04,21:34:35,22:07:03,220,25,5,14.891859173097574,15.335067766889777,1949.0,1663.0,7.164077108175171,233.27909999999997,320.2256,,132.01496092041958,,
0x5cf90912,2019-06-06,12:37:38,13:16:39,220,25,5,13.06791426116575,13.756312634322171,2342.0,1829.0,7.159246122299952,323.50660000000005,235.57579999999996,,126.20922545040546,,
0x5cf98639,2019-06-06,21:31:37,21:59:53,220,25,5,12.723875382262426,14.246414116428623,1697.0,1260.0,5.215263234149613,142.72350000000006,205.0625000000001,,98.32647518528006,,
0x5cff9ab2,2019-06-11,12:12:34,12:47:32,220,25,5,13.642360263820402,14.422620025757778,2099.0,1704.0,6.948770546909373,312.6792999999998,226.06089999999972,,141.05709672961396,,
0x5d038e14,2019-06-14,12:07:48,12:46:23,220,25,5,13.035749459931473,14.427371257639972,2316.0,1674.0,6.9567114391322,314.3198000000002,226.71710000000007,,132.00286821050136,,
0x5d0ccd4b,2019-06-21,12:27:55,13:06:15,220,25,5,12.77030001709814,14.029109310912501,2301.0,1741.0,7.0258710566529174,314.3198000000001,226.389,,126.96799251734167,,
0x5d0d45b5,2019-06-21,21:01:41,21:23:51,220,25,5,15.024276674436567,15.726832213564512,1331.0,1142.0,5.082603777713379,144.69209999999998,206.04680000000008,,133.5469430233107,,
0x5d1b4f6d,2019-07-02,12:34:53,13:08:31,220,25,5,10.489951569296743,11.331872987751495,2019.0,1609.0,5.301858879271756,233.9353000000002,168.3153000000002,,89.03172441555596,,
0x5d436208,2019-08-01,22:04:56,22:36:40,220,25,5,10.607672397849877,14.396251803176652,1905.0,773.0,3.569779984396336,59.71419999999978,148.95739999999978,,67.24919424912649,,
0x5d4384b0,2019-08-02,00:32:48,00:56:54,220,25,5,10.872229774039313,13.507176466862438,1447.0,871.0,3.653316538443125,152.89459999999985,64.96379999999976,,107.63844761783587,,
0x5e0df812,2020-01-02,14:02:58,14:29:32,220,25,5,14.036971931756407,14.419407575755914,1595.0,1294.0,5.27624788137982,137.1458,138.78629999999998,,117.59442454131062,,
0x5e15d71a,2020-01-08,13:20:26,13:49:06,220,25,5,13.103067049537572,13.893681891327766,1721.0,1288.0,5.198890555991437,215.23359999999968,153.22269999999958,,122.04720244260236,,
0x5e1652d1,2020-01-08,22:08:17,22:35:04,220,25,5,13.323865926591768,14.986622873511035,1608.0,1194.0,5.2824974924524275,158.47229999999968,219.4988999999997,,106.12863808897706,,
0x5e865b3a,2020-04-02,21:38:02,23:03:45,220,25,5,9.35860873472055,12.395848662067067,5144.0,1633.0,6.771038658125979,329.4123999999995,274.6196999999995,,117.4728521860896,,
0x5e88c29f,2020-04-04,17:23:43,19:59:16,220,25,5,12.762289186683715,13.647223042214296,9334.0,5757.0,22.751739933127812,575.1592999999995,576.4716999999996,,886.2165291229222,,
0x5e9231c4,2020-04-11,21:08:20,22:24:03,220,25,5,10.347473166085344,12.235548405356445,4544.0,3123.0,11.374901753980613,326.13139999999976,326.13139999999976,,77.72339976195627,,
0x5e93257e,2020-04-12,14:28:14,16:31:38,220,25,5,9.462809891316178,12.045557366324523,7405.0,2485.0,8.985745615874531,299.88340000000005,299.88340000000005,,70.39991383691789,,
0x5e94ab07,2020-04-13,18:10:15,18:52:41,220,25,5,9.423850164409744,12.079838007248139,2547.0,1330.0,4.869108089917981,238.2005999999999,238.2005999999999,,81.71144588134672,,
0x5e962a3e,2020-04-14,21:25:18,22:08:58,220,25,5,11.92362685731299,14.145734061296572,2621.0,1758.0,7.197711176621681,175.8615999999996,177.17399999999975,,101.1888540219669,,
0x5e98c078,2020-04-16,20:30:48,21:08:56,220,25,5,12.194156886388164,13.995997589296922,2289.0,1784.0,7.218499340856504,183.07979999999998,183.07979999999998,,102.54262048160908,,
0x5e99998e,2020-04-17,11:57:02,12:47:28,220,25,5,10.749563403320677,12.567654071405205,3027.0,1911.0,7.021599934944788,175.2053999999997,175.2053999999997,,78.30649507921116,,
0x5e9b5c9c,2020-04-18,20:01:32,21:15:05,220,25,5,10.40858390746719,11.893357608434215,4414.0,3122.0,10.926798448211189,127.30280000000118,127.95900000000108,,65.5542673692751,,
0x5e9c9d77,2020-04-19,18:50:31,20:18:17,220,25,5,11.852509986488204,13.562073238211754,5267.0,3880.0,15.224367563686345,369.4405999999989,369.4405999999989,,94.36993465638298,,
0x5e9dfd1f,2020-04-20,19:50:55,21:25:50,220,25,5,14.254506624184286,14.85771617607147,5696.0,4276.0,17.831144797616535,429.48289999999974,430.13909999999976,,124.72160355057014,,
0x5ea0bee0,2020-04-22,22:02:08,22:50:02,220,25,5,11.776135482758113,13.96499261131969,2875.0,2237.0,9.006008112939424,227.045199999999,227.045199999999,,97.87766262508698,,
0x5ea2000f,2020-04-23,20:52:31,20:52:57,220,25,5,3.8571124450569747,6.853533307623731,27.0,6.0,0.02958145423356911,0.0,0.0,,12.774496942101276,,
0x5ea49077,2020-04-25,19:33:11,21:03:06,220,25,5,191.85020989978693,293.65312872039084,5396.0,15.0,6.297354300286336,16.076900000000137,12.795900000000188,,9996681.473161865,,
0x5ea73cf5,2020-04-27,20:13:41,20:59:55,220,25,5,0.8398716360054461,0.8502754972414124,2775.0,1.0,0.0023618763812261454,0.0,0.0,,2.1877242952791667,,
0x5ea86de4,2020-04-28,17:54:44,18:46:42,220,25,5,11.023440495018924,13.7644108478237,3119.0,2166.0,8.729158152329674,240.82539999999983,241.48159999999984,,90.39486539361208,,
0x5ea9a89d,2020-04-29,16:17:33,17:04:45,220,25,5,11.713863599619216,13.923073373277289,2833.0,2154.0,8.656644482016372,236.23199999999997,236.56010000000003,,97.24689454831287,,
0x5eac8195,2020-05-01,20:07:49,20:56:30,220,25,5,11.631867206863369,13.733059814500448,2922.0,2190.0,8.726456546219172,234.91959999999972,234.91959999999972,,96.5773675980553,,
0x5eadc8d7,2020-05-02,19:24:07,22:28:31,220,25,5,12.586349001411643,13.838170969369834,11065.0,8947.0,35.207735191196676,356.31659999999965,356.31659999999965,,99.31222692662217,,
0x5eaeea8a,2020-05-03,16:00:10,16:49:34,220,25,5,11.731597008035527,13.9221917529979,2965.0,2166.0,8.714289793214286,241.8096999999999,241.1534999999999,,96.43880381082562,,
0x5eb1a434,2020-05-05,17:36:52,18:33:25,220,25,5,10.843798531273139,12.899271764251429,3394.0,2308.0,8.714721388996109,179.14259999999945,179.14259999999945,,79.89726880625285,,
0x5eb2e0ff,2020-05-06,16:08:31,18:54:40,220,25,5,11.153367485677505,13.64831627755164,9970.0,5518.0,22.248131634451386,623.7181000000004,624.3743000000004,,93.19050080413285,,
0x5eb4166d,2020-05-07,14:08:45,16:14:38,220,25,5,13.834966010338437,14.290898037021158,7554.0,6131.0,24.476609812316784,319.2413,318.91319999999996,,111.97948842626546,,
0x5eb7006b,2020-05-09,19:11:39,19:58:13,220,25,5,11.255465188349318,13.545156542689082,2795.0,2082.0,8.200083986647059,190.95419999999967,190.95419999999967,,86.48943478550929,,
0x5eb7e74f,2020-05-10,11:36:47,12:32:52,220,25,5,11.908323374429012,13.416615216469621,3366.0,2538.0,9.749860413150456,279.21310000000017,279.54120000000034,,93.5736173288486,,
0x5eb9c88d,2020-05-11,21:50:05,22:41:34,220,25,5,11.60811097844537,13.40742326746307,3090.0,2142.0,8.332234890351915,221.79560000000015,223.10800000000006,,92.7409435789475,,
0x5ebb1f8c,2020-05-12,22:13:32,23:29:28,220,25,5,12.03244495825623,13.536998637370429,4557.0,3724.0,14.502565658606462,411.4373999999998,412.0935999999998,,95.9195855793287,,
0x5ebc6866,2020-05-13,21:36:38,22:08:21,220,25,5,12.94700455455308,13.877646244486515,1904.0,1566.0,6.166453298652663,192.2666000000005,191.93850000000043,,114.57661035650615,,
0x5ec0163c,2020-05-16,16:35:08,19:12:47,220,25,5,12.122225346790668,13.822909840326908,9460.0,5427.0,21.622056497528064,740.8498000000017,742.4903000000016,,102.31541941677074,,
0x5ec14196,2020-05-17,13:52:22,15:16:19,220,25,5,11.440418329219854,13.29159035213692,5038.0,2129.0,8.20582178718482,312.67930000000035,313.33550000000037,,94.50606155306592,,
0x5ec44a50,2020-05-19,21:06:24,21:58:57,220,25,5,10.309363063223785,12.687635863070643,3154.0,2173.0,8.252119343106168,260.18329999999946,261.82379999999944,,79.39307622338144,,
0x5ec5a743,2020-05-20,21:55:15,22:47:44,220,25,5,10.923055724402328,13.129750333772368,3150.0,2123.0,8.142267124750907,266.4172,267.40150000000006,,85.65361647038073,,
0x5ec6fdfa,2020-05-21,22:17:30,00:04:18,220,25,5,9.55879838721064,13.570113796393336,6409.0,2378.0,9.839674624364328,359.26950000000056,359.5976000000004,,79.41179733354747,,
0x5ec84db5,2020-05-22,22:09:57,22:59:23,220,25,5,11.754557849461111,14.358205213844686,2967.0,2086.0,8.715053534041836,310.71070000000054,310.71070000000054,,103.67042345565392,,
0x5eca6a99,2020-05-24,12:37:45,16:34:47,220,25,5,14.072238748665338,14.917202633558993,14223.0,9509.0,40.42322015021502,1052.2166999999997,1052.2166999999981,,151.01324685154665,,
0x5ecbb42b,2020-05-25,12:03:55,15:23:53,220,25,5,12.40411704964467,13.78472174585856,11999.0,7944.0,31.269797958409654,833.7020999999994,830.4210999999995,,100.97606545544397,,
0x5ecd009c,2020-05-26,11:42:20,12:34:31,220,25,5,12.008055408315697,14.068429489018667,3132.0,2444.0,9.95116412191229,355.00420000000054,356.6447000000005,,100.13692988277613,,
0x5ed038f5,2020-05-28,22:19:33,23:43:18,220,25,5,13.504678905665067,15.020172892843009,5026.0,4102.0,17.541576245697247,528.8971999999994,528.8971999999994,,121.76706574172658,,
0x5ed1abdf,2020-05-30,00:42:07,01:42:25,220,25,5,12.59055412300939,14.002497678099475,3619.0,3012.0,12.179051165728765,359.5976000000003,359.2695000000001,,105.35711879177434,,
0x5ed2908e,2020-05-30,16:57:50,17:58:54,220,25,5,11.898401263811126,14.077013142396698,3665.0,2654.0,10.887630669204786,318.5851,282.16599999999994,,102.20764962460572,,
0x5edc1feb,2020-06-06,22:59:55,00:18:19,220,25,5,12.29995138577799,13.679641241541654,4705.0,3685.0,14.42740413979071,554.4890000000024,555.1452000000024,,104.22081616378824,,
0x5edcf85b,2020-06-07,14:23:23,15:35:04,220,25,5,13.153212509475924,14.300265672031635,4302.0,3568.0,14.512925284770102,556.4576000000019,558.0981000000019,,115.30800300247327,,
0x5edebc54,2020-06-08,22:31:48,23:31:58,220,25,5,13.075219790501205,14.73927313358626,3611.0,2892.0,12.189153860910176,433.748200000001,435.388700000001,,116.16411865226391,,
0x5ee145cf,2020-06-10,20:42:55,21:29:18,220,25,5,12.669222547518258,14.291222049560282,2784.0,2173.0,8.883115933240724,311.03880000000015,312.6793000000001,,111.93029074579458,,
0x5ee2b8c8,2020-06-11,23:05:44,00:32:25,220,25,5,11.628307556888425,14.523079951713884,5202.0,3332.0,13.94863043605215,454.74660000000074,455.7309000000008,,100.53029599639812,,
0x5ee41e32,2020-06-13,00:30:42,02:52:17,220,25,5,16.998696238302003,14.379564110891492,8496.0,4546.0,24.196539932373696,612.8908000000014,611.2503000000014,,435313.23457617644,,
0x5ee6aa7c,2020-06-14,22:53:48,00:24:43,220,25,5,13.739628964966263,14.957939454697234,5456.0,4427.0,19.012655612865615,243.77830000000006,254.6056000000001,,123.17816778958691,,
0x5ee943ae,2020-06-16,22:11:58,23:19:36,220,25,5,12.503526821969004,14.45544813297333,4059.0,3050.0,12.732106821636004,464.2615000000012,465.9020000000012,,108.9847337177599,,
0x5eea9a40,2020-06-17,22:33:36,00:05:51,220,25,5,11.914258909396942,14.019681965292484,5536.0,3810.0,15.518910514505727,608.6255000000019,610.2660000000019,,103.13329808446635,,
0x5eed404a,2020-06-19,22:46:34,23:53:17,220,25,5,12.439823005816079,13.880694719269023,4004.0,3063.0,12.205053817878014,439.3259000000012,439.3259000000012,,103.7143566329394,,
0x5eef6777,2020-06-21,13:58:15,15:02:25,220,25,5,12.467633121950826,13.940242626683832,3851.0,3041.0,12.16013539875675,438.66970000000117,438.66970000000117,,103.21443559794643,,
0x5ef672ad,2020-06-26,22:11:57,23:02:57,220,25,5,12.635341650898843,14.377792872198535,3061.0,2369.0,9.8381984697048,351.72320000000013,353.3637000000001,,110.31667805343852,,
0x5ef7731f,2020-06-27,16:26:07,18:54:30,220,25,5,13.077378640625168,14.074351421654963,8904.0,6257.0,25.050090598554473,604.3601999999987,610.2659999999987,,105.22109782036208,,
0x5efb7281,2020-06-30,17:12:33,20:07:48,220,25,5,9.255506059690344,13.238955966465676,10516.0,4357.0,17.16145401413232,576.7998000000032,576.7998000000032,,73.1521850234479,,
0x5efbce13,2020-06-30,23:43:15,02:46:04,220,25,5,12.000986797060015,14.353475310721139,10970.0,6993.0,29.132736614786214,961.6611000000038,961.9892000000036,,103.77944696517731,,
0x5efd19fd,2020-07-01,23:19:25,00:41:39,220,25,5,14.488094481459814,15.255107954376562,4935.0,4142.0,17.796081108917473,510.8516999999996,510.52359999999965,,133.76621474738494,,
0x5f007345,2020-07-04,12:17:09,13:50:45,220,25,5,10.8116146725618,11.41121301876886,5617.0,4765.0,15.76853256577354,246.73120000000006,246.4031,,66.02704717230087,,
0x5f026341,2020-07-05,23:33:21,00:26:41,220,25,5,13.936827549104738,15.767877719302732,3201.0,2572.0,11.727104840631224,306.44540000000006,307.1016000000001,,133.86503660745203,,
0x5f03c4d5,2020-07-07,00:41:57,01:37:38,220,25,5,13.081245649096285,15.197262418958154,3342.0,2552.0,11.308320282369436,308.0858999999997,308.0858999999997,,119.05417059414489,,
0x5f05a5e2,2020-07-08,10:54:26,12:08:04,220,25,5,13.666217935578793,14.600122756993215,4419.0,3616.0,15.104344573436185,588.9395000000025,588.9395000000025,,124.83506141726237,,
0x5f08f865,2020-07-10,23:23:17,00:57:50,220,25,5,12.68096373333481,14.45043695890217,5674.0,4542.0,18.902264146788795,616.4999000000003,583.3618000000001,,113.78113950715186,,
0x5f0924ba,2020-07-11,02:32:26,03:25:46,220,25,5,12.189702422566238,13.735483640276192,3201.0,2644.0,10.511559413732588,329.08430000000067,365.8315000000007,,96.62228594965323,,
0x5f0af0b5,2020-07-12,11:15:01,15:53:06,220,25,5,13.945918746211694,15.409955105856826,16686.0,11979.0,52.55344390115429,1391.1439999999925,1391.1439999999966,,129.27551658451134,,
0x5f0d9186,2020-07-14,11:05:42,11:40:59,220,25,5,15.322951061642312,16.624319212584133,2118.0,1739.0,8.178060612780609,212.28070000000025,162.73760000000027,,159.81210103543037,,
0x5f0e2385,2020-07-14,21:28:37,22:02:14,220,25,5,14.249922499235701,16.51498751776862,2018.0,1159.0,5.464172157625271,102.03910000000019,169.95580000000018,,131.2607547062766,,
0x5f0e2b79,2020-07-14,22:02:33,22:37:01,220,25,5,15.492842220269559,16.109041499035467,2069.0,1904.0,8.611679469503859,240.49729999999988,260.1832999999999,,149.31484660380954,,
0x5f0e4973,2020-07-15,00:10:27,00:46:38,220,25,5,14.946955995669843,15.53939473976328,2172.0,2030.0,8.877776827227878,267.07339999999976,244.43449999999973,,143.02499149565745,,
0x5f0f9918,2020-07-16,00:02:32,00:43:06,220,25,5,13.54116101780266,15.712604596460132,2435.0,1921.0,8.790370720102358,308.74210000000085,310.710700000001,,136.06468833144518,,
0x5f18cb9b,2020-07-22,23:28:27,00:23:22,220,25,5,13.071410654039951,15.320133036415248,3296.0,2535.0,11.202007488537909,307.42969999999934,308.08589999999936,,119.49938968168881,,
0x5f1a12c8,2020-07-23,22:44:24,01:51:35,220,25,5,12.141931440004354,14.331500839110983,11232.0,5261.0,21.977374107859806,757.2548000000018,757.9110000000018,,106.2704413167266,,
0x5f1b7f58,2020-07-25,00:39:52,01:12:46,220,25,5,12.79980856891461,15.102646801306772,1975.0,1470.0,6.58514660453414,120.08459999999752,120.08459999999752,,116.10062283950683,,
0x5f1d6bbc,2020-07-26,11:40:44,15:35:02,220,25,5,10.854871607820572,13.29749279241282,14059.0,6780.0,26.3643348313966,841.248399999999,840.9202999999991,,85.84814349173486,,
0x5f1e0fa4,2020-07-26,23:20:04,00:10:16,220,25,5,9.407930691098844,14.286925961303723,3013.0,1124.0,4.89481092095982,116.80359999999905,118.44409999999903,,76.58520250501964,,
0x5f209e28,2020-07-28,21:52:40,22:13:15,220,25,5,9.60621286409852,14.986641136219541,1236.0,486.0,2.2525786579962013,59.058000000000334,58.40180000000032,,90.33683094475793,,
0x5f21e82f,2020-07-29,21:20:47,23:04:21,220,25,5,13.779953969149243,15.920190848184504,6215.0,4306.0,19.912930741038668,708.3679000000019,707.7117000000019,,137.60700589918378,,
0x5f24b4d7,2020-08-01,00:18:31,01:24:26,220,25,5,13.15716721236072,16.237060803198403,3956.0,2361.0,11.932872551085513,335.9743999999995,337.61489999999947,,199.37319057663393,,
0x5f25fbf8,2020-08-01,23:34:16,00:33:42,220,25,5,8.554620763826875,11.075665179361167,3567.0,1868.0,6.5573633549982695,195.54759999999942,195.54759999999942,,55.38558046902416,,
0x5f26bb29,2020-08-02,13:10:01,15:12:03,220,25,5,10.20101846757699,16.137421970224747,7323.0,3002.0,15.580495635831886,466.2300999999993,468.5267999999993,,405.0832568092652,,
0x5f2748d7,2020-08-02,23:14:31,00:07:04,220,25,5,12.178204676485116,16.19958953942691,3154.0,1169.0,6.448094663500425,165.3623999999993,163.39379999999926,,332.8077148409172,,
0x5f29d301,2020-08-04,21:28:33,22:15:56,220,25,5,8.733966683517,14.021642682482668,2844.0,1142.0,5.142241355743366,90.5555999999981,89.24319999999796,,68.21911048758513,,
0x5f2b12d1,2020-08-05,20:13:05,21:21:33,220,25,5,12.412339450186021,15.342564454299708,4109.0,2259.0,10.271669566430615,395.3604999999998,396.0166999999998,,123.91887992990583,,
0x5f2bf884,2020-08-06,12:33:08,14:37:32,220,25,5,11.62352671972263,17.669972471560822,7465.0,2691.0,17.961323763203154,327.11570000000086,413.40600000000074,,40991.0947323901,,
0x5f2c2c6f,2020-08-06,16:14:39,17:28:20,220,25,5,3.8841307620494883,15.2330909499966,4422.0,653.0,3.6191520443039487,106.30439999999999,105.64819999999997,,54.100676131853795,,
0x5f2c83f5,2020-08-06,22:28:05,23:46:19,220,25,5,9.925181975134672,14.427802863299638,4695.0,702.0,3.200127753479973,78.41590000000008,58.07370000000003,,93.73878037763961,,
0x5f2ff39a,2020-08-09,13:01:14,13:26:48,220,25,5,9.332516203390023,10.686478167304518,1535.0,920.0,2.9481293756265643,83.3374,100.72670000000005,,55.40485253680286,,
0x5f340050,2020-08-12,14:44:32,16:17:16,220,25,5,13.390854416299208,16.756358495727703,5565.0,1215.0,6.524623044435499,217.85839999999882,218.51459999999884,,244.64548416959553,,
0x5f392c01,2020-08-16,12:52:17,15:56:44,220,25,5,6.81275666738394,10.523718531380458,11068.0,3289.0,12.865468176793492,375.6744999999995,376.9868999999994,,72.97572276731715,,
0x5f39ab07,2020-08-16,21:54:15,22:14:47,220,25,5,13.338757915364546,16.157719638431068,1233.0,801.0,3.784673266453359,115.81929999999988,119.4283999999999,,136.89588790824877,,
0x5f39c661,2020-08-16,23:50:57,00:07:50,220,25,5,11.737527177783653,13.025986343939287,1014.0,847.0,3.2302801539938173,88.25890000000004,86.2903,,93.23639477729893,,
0x5f3d98a2,2020-08-19,21:24:50,23:57:31,220,25,5,15.8851646411934,18.66127645265418,9162.0,4903.0,28.223453622704486,1117.5086000000024,1117.1805000000027,,6647.38775936415,,
0x5f3ee6b1,2020-08-20,21:10:09,21:43:26,220,25,5,9.855129912485872,15.144866078541728,1998.0,491.0,2.4338183735113277,79.40019999999959,80.71259999999972,,107.33435748388841,,
0x5f42686f,2020-08-23,13:00:31,13:38:18,220,25,5,9.000008371111022,10.20894324376581,2268.0,1466.0,4.569530492380704,103.02339999999924,137.47389999999928,,47.567734937855,,
0x5f42a71c,2020-08-23,17:27:56,19:00:11,220,25,5,12.088353228362902,16.566811520050248,5536.0,3278.0,16.4779955494609,428.8267000000003,428.49860000000047,,473.53060993830144,,
0x5f45224b,2020-08-25,14:38:03,16:25:41,220,25,5,10.381318040825384,16.551220478461733,6459.0,1029.0,6.384716495076581,126.31849999999702,124.67799999999704,,360.24196491102396,,
0x5f4bbebd,2020-08-30,14:59:09,18:03:14,220,25,5,10.760865846540003,13.239872982024185,11046.0,4281.0,18.193200421621533,535.1310999999994,599.4386999999994,,1312.7962275925731,,
0x5f500ccd,2020-09-02,21:21:17,22:46:42,220,25,5,12.538996709663605,14.188633979560562,5126.0,3535.0,14.715330157943917,611.2503000000013,612.5627000000014,,111.46153508689639,,
0x5f5029c7,2020-09-02,23:24:55,23:46:42,220,25,5,11.8734603721884,16.277143447808793,1308.0,493.0,2.629761288122284,79.40019999999959,79.07209999999975,,139.5966326227941,,
0x5f517497,2020-09-03,22:56:23,00:32:09,220,25,5,9.625390551568668,13.993264681748279,5747.0,1604.0,6.735612129014264,202.43769999999915,199.8128999999991,,80.63073951178943,,
0x5f5955f6,2020-09-09,22:23:50,23:45:04,220,25,5,12.401643193799183,13.995878656646878,4875.0,3906.0,15.775080802154038,601.4073000000026,601.4073000000026,,108.93997779164812,,
0x5f62a28b,2020-09-16,23:40:59,00:35:11,220,25,5,11.375706864751756,13.644002912797673,3253.0,2313.0,9.315928375262345,420.62419999999963,422.9208999999996,,100.72210485109841,,
0x5f63b408,2020-09-17,19:07:52,20:48:49,220,25,5,9.130276396317873,16.344746743078833,6058.0,1898.0,11.923066054306842,471.4796999999995,473.44829999999934,,181.23545165579267,,
0x5f650f8e,2020-09-18,19:50:38,21:23:52,220,25,5,12.130699088694662,14.700092202387815,5595.0,3017.0,13.10127804842337,344.17689999999936,389.1265999999995,,109.6257136072561,,
0x5f6be7f1,2020-09-24,00:27:29,01:31:34,220,25,5,9.861226633932965,12.143728400453849,3846.0,2502.0,9.157570846638613,354.34799999999973,356.31659999999977,,77.144292808967,,
0x5f6d1cd2,2020-09-24,22:25:22,23:55:49,220,25,5,11.726473627279432,14.164718602819123,5428.0,3627.0,15.144765206966031,423.57710000000156,424.2333000000016,,97.22912270820237,,
0x5f708bfe,2020-09-27,12:56:30,15:29:31,220,25,5,11.409009612138437,15.731139234441601,9182.0,3865.0,19.737041826565346,531.1939,530.8658,,2290.8279171769564,,
0x5f89eeba,2020-10-16,19:04:26,20:06:37,220,25,5,12.790486196261783,14.29497106976598,3732.0,2733.0,11.259670450987171,318.91319999999905,320.8817999999992,,106.24065855404396,,
0x5f920a35,2020-10-22,22:39:49,23:38:04,220,25,5,12.100767125801873,13.827968515245995,3496.0,2483.0,9.923159042814055,366.8157999999995,366.8157999999995,,104.58999881837677,,
0x5f944fc4,2020-10-24,16:01:08,16:24:57,220,25,5,14.60603338783636,17.090938492019426,1430.0,1121.0,5.481601861877209,110.56970000000058,151.25410000000056,,147.36712441183548,,
0x5f945ca1,2020-10-24,16:56:01,17:08:57,220,25,5,14.239149324669508,15.343329856059132,777.0,665.0,2.898273036028091,36.74719999999991,49.54309999999987,,119.36903372865987,,
0x5f94778c,2020-10-24,18:50:52,20:43:16,220,25,5,6.787226328436884,10.207802972736634,6745.0,2778.0,9.958763687208599,184.39220000000046,184.39220000000046,,39.24473530561014,,
0x5f949226,2020-10-24,20:44:22,21:22:49,220,25,5,13.312738016725369,15.017774835893466,2308.0,1815.0,7.7553722149180855,192.26660000000038,146.98880000000042,,121.71412906138475,,
0x5fada96b,2020-11-12,21:30:19,22:24:29,220,25,5,8.584656715978722,14.716061220969008,3251.0,1242.0,5.726093993026562,98.75809999999876,98.75809999999876,,71.24997967041661,,
0x5fb2e52d,2020-11-16,20:46:37,22:19:37,220,25,5,8.082069272629985,13.586679073011636,5581.0,2295.0,9.654493921077936,303.8206000000006,304.80490000000054,,64.78812065479438,,
0x5fb40426,2020-11-17,17:11:02,17:43:29,220,25,5,11.973683462314582,13.402602216465862,1948.0,1610.0,6.154145780853402,152.89459999999963,152.89459999999963,,92.39558966622126,,
0x5fb563a3,2020-11-18,18:10:43,18:49:07,220,25,5,11.529516250751094,14.529638797403495,2305.0,1128.0,4.761008796965057,66.932399999999,66.932399999999,,93.69573799890934,,
0x5fb6d298,2020-11-19,20:16:24,21:15:31,220,25,5,8.552085166080635,14.377775617041703,3548.0,1512.0,6.8827885014798165,147.97309999999936,145.02019999999936,,72.35400779614899,,
0x5fc283a4,2020-11-28,17:06:44,19:35:14,220,25,5,11.804627236991058,14.22295772526389,8911.0,3104.0,12.5904697275689,436.37300000000016,435.06060000000025,,105.32853938088925,,
0x5fc52e7c,2020-11-30,17:40:12,18:22:12,220,25,5,11.516535354274785,13.232188769560585,2521.0,1678.0,6.421889174557219,140.09869999999944,140.09869999999944,,87.76314241497619,,
0x5fc7f10d,2020-12-02,19:54:53,20:45:41,220,25,5,6.749438084554233,13.363228444152135,3049.0,886.0,3.95254364697406,91.86800000000028,89.24320000000023,,49.05268392926982,,
0x5fc91abd,2020-12-03,17:05:01,18:30:02,220,25,5,11.735537663026204,13.867213045292239,5102.0,3259.0,13.157407686754935,292.0089999999989,289.0560999999989,,94.5341785980975,,
0x5fcbf26d,2020-12-05,20:49:49,21:56:38,220,25,5,8.128316252535727,14.30652920777053,4010.0,1295.0,5.800061776046342,91.2118000000005,91.2118000000005,,64.28690107593052,,
0x5fcd24b6,2020-12-06,18:36:38,20:51:46,220,25,5,12.282792954832702,14.6529929503558,8109.0,5694.0,23.92927904664176,727.0695999999989,727.0695999999989,,107.08193644665994,,
0x5fcfeced,2020-12-08,21:15:25,22:15:26,220,25,5,13.51917218928569,15.0193183632608,3602.0,2603.0,11.170880386301068,262.48000000000013,262.1519000000002,,118.11771679237845,,
0x5fd0d4b7,2020-12-09,13:44:23,14:44:12,220,25,5,13.750364011956874,15.415099985748297,3590.0,2616.0,11.421622632560528,379.93980000000045,338.2711000000003,,132.38838506501835,,
0x5fd0f2de,2020-12-09,15:53:02,16:55:36,220,25,5,12.168688850038297,13.692302645702743,3755.0,2985.0,11.753535703706412,338.2710999999995,379.2835999999994,,93.83472213142637,,
0x5fd28806,2020-12-10,20:41:42,22:09:21,220,25,5,12.753542513473642,14.544751195591251,5260.0,3681.0,15.407843629106857,355.00419999999895,352.70749999999896,,107.12851310775532,,
0x5fd79b57,2020-12-14,17:05:27,17:43:01,220,25,5,12.787845981952833,14.063470668996585,2255.0,1721.0,6.992283689866474,127.30279999999982,128.2870999999999,,101.26618215836085,,
0x5fd926c7,2020-12-15,21:12:39,22:12:00,220,25,5,12.703883552498343,15.264110180225787,3562.0,2529.0,11.167341326679713,270.0263000000007,268.05770000000075,,114.36187372721217,,
0x5fdb78f9,2020-12-17,15:27:53,16:41:57,220,25,5,13.258059211738505,14.663134050137659,4445.0,3430.0,14.366841530218869,491.16570000000024,491.16570000000024,,118.90195396621147,,
0x5fdd047c,2020-12-18,19:35:24,21:04:34,220,25,5,13.229632786586567,14.877891786808584,5351.0,3912.0,16.5781675450412,247.71550000000207,247.71550000000207,,111.96046334914911,,
0x5fe4a000,2020-12-24,14:04:48,15:16:06,220,25,5,11.751073808251164,13.103125289755004,4279.0,3345.0,12.642491191735159,557.4419000000004,556.7857000000004,,105.01898955130109,,
0x5feb7cb0,2020-12-29,19:00:00,19:59:20,220,25,5,12.846175459143547,15.5126963238188,3561.0,2516.0,11.314947414237853,269.3701,267.40150000000006,,117.32181439209991,,
0x5feca3b3,2020-12-30,15:58:43,16:48:49,220,25,5,12.560831121770844,15.130336090188214,3007.0,2222.0,9.74511823200809,309.39829999999824,306.1172999999982,,115.21468949480055,,
0x5ff37dbe,2021-01-04,20:42:38,21:11:20,220,25,5,12.657774847372805,15.201878564428855,1723.0,1055.0,4.696760588979611,68.90099999999916,68.90099999999916,,110.24195477475467,,
0x5ff88733,2021-01-08,16:24:19,17:06:44,220,25,5,11.46763978902157,14.911965981316397,2546.0,1637.0,7.202016177616263,232.62289999999985,230.65429999999992,,104.42679843010563,,
0x6004922a,2021-01-17,19:38:18,20:37:33,220,25,5,9.011680608188188,14.244404631509612,3556.0,1742.0,7.608263336435382,229.01379999999983,229.01379999999983,,75.73741517456754,,
0x60074ab1,2021-01-19,21:10:09,22:47:54,220,25,5,8.18293687745645,14.35230320064594,5866.0,2476.0,10.87901211903725,344.50500000000056,344.50500000000056,,68.41363825904504,,
0x6009f1f8,2021-01-21,21:28:24,22:49:36,220,25,5,6.3420338047256894,14.085930563485375,4873.0,1300.0,5.984076274205081,128.61519999999996,124.02179999999998,,50.42193583704416,,
0x600b3b8d,2021-01-22,20:54:37,21:58:58,220,25,5,11.394799232793394,13.679234292558165,3862.0,2559.0,10.242076375029846,229.9980999999998,229.01379999999972,,89.40140823390223,,
0x60132489,2021-01-28,20:54:33,22:20:02,220,25,5,10.037613020396092,14.485817033256447,5130.0,2886.0,12.447298861995797,240.49729999999886,240.49729999999886,,83.25183298677219,,
0x60147cab,2021-01-29,21:22:51,22:38:34,220,25,5,11.545463329774957,15.294174135735949,4544.0,2539.0,11.27661587480377,258.2147,258.2147,,103.39879922881957,,
0x6016fb70,2021-01-31,18:48:16,19:37:51,220,25,5,6.13190241705253,11.749848545816212,2976.0,1045.0,4.413438882228614,91.2117999999997,92.19609999999977,,38.46598529365818,,
0x603a9884,2021-02-27,19:07:48,20:20:58,220,25,5,12.010844092160994,14.115204129443313,4391.0,3265.0,13.302623247403117,380.2678999999996,380.2678999999996,,102.59805813792669,,
0x603ec0a2,2021-03-02,22:48:02,23:31:42,220,25,5,10.66798298297695,14.75117952273218,2621.0,1627.0,7.03223160810807,237.5443999999992,235.9038999999991,,94.55697736461815,,
0x60512b7a,2021-03-16,22:04:42,23:49:11,220,25,5,10.123963858347151,14.157599511571307,6270.0,2753.0,11.660597612325562,333.6776999999995,330.39669999999944,,83.840026518257,,
0x60552629,2021-03-19,22:31:05,23:14:08,220,25,5,9.078097797779353,15.058966314881642,2584.0,1207.0,5.5383967770622275,76.44729999999925,76.44729999999925,,77.31124443416523,,
0x6057915f,2021-03-21,18:33:03,18:52:31,220,25,5,11.723498526993104,15.822290042503152,1169.0,725.0,3.429517596737498,71.19769999999994,112.53829999999982,,94.49912121053237,,
0x605911e5,2021-03-22,21:53:41,22:45:30,220,25,5,12.388931587679682,16.17612298809052,3110.0,2004.0,9.43872122719133,197.18809999999905,215.56169999999918,,116.039760108136,,
0x605f4490,2021-03-27,14:43:28,19:55:54,220,25,5,8.142716265966492,14.844096333699358,18747.0,6098.0,27.533024863911955,669.3239999999996,732.3191999999996,,68.13485220144055,,
0x605fa2dc,2021-03-27,21:25:48,23:33:33,220,25,5,12.815339443838637,15.770779501138104,7666.0,5088.0,23.21037459891464,668.3396999999991,608.2973999999991,,150.79761845002926,,
0x60674397,2021-04-02,16:17:27,17:41:45,220,25,5,7.549645852159775,14.290009771652429,5059.0,1616.0,7.186407127552372,153.55079999999896,151.91029999999887,,61.20637826995525,,
0x6069dc90,2021-04-04,15:34:40,19:49:35,220,25,5,10.886505757617178,13.996921658264023,15296.0,7061.0,29.24021162719183,1035.483599999999,1034.1711999999989,,93.5008012124289,,
0x606cd1cc,2021-04-06,21:25:32,23:59:13,220,25,5,6.812929053998427,13.232140836828245,9222.0,2585.0,10.854712026030459,315.96029999999985,311.3668999999999,,55.582958214347045,,
0x606f7628,2021-04-08,21:31:20,22:58:13,220,25,5,8.205893728954898,12.384951462599103,5214.0,2630.0,9.971246462789681,215.56169999999906,216.21789999999908,,59.32741256934467,,
0x6070e1cd,2021-04-09,23:22:53,01:16:32,220,25,5,11.988576857788535,14.147789058263907,6820.0,5172.0,21.263372366829195,652.9190000000001,652.9190000000001,,102.33357671846314,,
0x607ee74e,2021-04-20,14:38:06,17:54:09,220,25,5,9.008791897037671,12.228187566912876,11764.0,6368.0,23.395655117346383,400.9381999999968,400.93819999999494,,65.4513286505454,,
0x6085b827,2021-04-25,18:42:47,20:44:33,220,25,5,7.0842411573379716,14.276721632922094,7307.0,1542.0,7.181262216240954,104.66389999999842,104.66389999999842,,56.816981365274074,,
0x60872975,2021-04-26,20:58:29,21:13:21,220,25,5,11.409174310156118,14.547692843189738,893.0,560.0,2.4184469383485143,136.8177000000003,128.28710000000024,,128.65061522443185,,
0x60873c3a,2021-04-26,22:18:34,22:31:33,220,25,5,12.675757669767837,15.964012201257455,780.0,576.0,2.634954918063912,46.918299999999704,25.919899999999757,,127.60846431899478,,
0x60874a7a,2021-04-26,23:19:22,00:11:12,220,25,5,7.6376610907815135,10.04732384095751,3111.0,1769.0,6.019781654053085,352.0512999999994,333.0214999999994,,56.231655175712596,,
0x60888b9b,2021-04-27,22:09:31,23:09:46,220,25,5,4.017318587767565,7.508273065269911,3616.0,737.0,3.05340765774888,161.42519999999945,163.06569999999954,,20.333463737776516,,
0x6099a883,2021-05-10,21:41:23,00:15:54,220,25,5,11.083059901032899,14.1182916450904,9272.0,5969.0,24.64513928439106,755.9424000000005,755.9424000000005,,95.71297842925807,,
0x609b0201,2021-05-11,22:15:29,23:01:26,220,25,5,11.601388682275944,14.246886862690566,2758.0,1921.0,7.940703461842594,199.4847999999996,199.4847999999996,,97.46461424568837,,
0x609db9e7,2021-05-13,23:44:39,00:33:44,220,25,5,13.87888633653425,15.00182575595773,2946.0,2607.0,11.123604950579647,264.4485999999995,261.82379999999944,,121.68900660822926,,
0x609ec1c1,2021-05-14,18:30:25,20:01:08,220,25,5,13.704020286592641,16.46649701388051,5444.0,1228.0,5.85833408878176,137.47389999999962,137.47389999999962,,135.64165853435952,,
0x609ff67a,2021-05-15,16:27:38,19:57:26,220,25,5,8.860546370978982,14.496688550773841,12589.0,5184.0,22.816052463055843,689.6661999999974,689.3380999999974,,74.92174886889573,,
0x60a18814,2021-05-16,21:01:08,23:15:45,220,25,5,7.641233067613444,13.95641146715051,8078.0,3211.0,13.763187563271678,285.11889999999903,284.462699999999,,60.726959798287254,,
0x60a6ce44,2021-05-20,21:01:56,23:35:26,220,25,5,7.71652959908016,13.991726728624345,9211.0,1649.0,7.549543688746515,183.40789999999936,183.40789999999936,,60.166551276836685,,
0x60a7a185,2021-05-21,12:03:17,12:27:42,220,25,5,6.312523671271248,13.977202584556311,1466.0,467.0,2.1274061490114886,58.073699999999235,56.10509999999931,,52.8909157078152,,
0x60a8253a,2021-05-21,21:25:14,22:17:45,220,25,5,8.588345210092305,13.678031256867401,3152.0,1686.0,6.967783293753693,130.58379999999966,130.58379999999966,,65.33675856464227,,
0x60a97772,2021-05-22,21:28:18,23:31:31,220,25,5,7.35760796257588,13.04306968380883,7394.0,2632.0,11.079827371195755,353.363700000001,352.0513000000011,,55.54041275849545,,
0x60ad3cf2,2021-05-25,18:07:46,19:02:05,220,25,5,10.562950383941711,15.241320609618736,3260.0,1566.0,7.1683269442827715,152.2383999999995,148.95739999999944,,99.57561267457737,,
0x60ba88e8,2021-06-04,20:11:20,21:20:48,220,25,5,8.54466854485568,14.604286035791038,4169.0,1346.0,6.304962846735292,89.24319999999943,89.24319999999943,,67.87423952505733,,
0x60be94f2,2021-06-07,21:51:46,23:03:16,220,25,5,9.152387544327881,13.597609271084316,4291.0,2207.0,9.17822597429341,285.11889999999914,282.82219999999916,,74.08518937660708,,
0x60c1510d,2021-06-09,23:38:53,01:10:19,220,25,5,12.112281209368525,15.29083038831034,5487.0,3539.0,15.836916968449643,396.6729000000016,396.6729000000016,,113.00594384283842,,
0x60cf73f2,2021-06-20,16:59:30,18:47:48,220,25,5,6.79038938385607,9.228274265842861,6499.0,2569.0,7.764419904271805,144.69209999999987,143.37969999999984,,34.84185852039756,,
0x60d24fa7,2021-06-22,21:01:27,21:59:22,220,25,5,12.616821121657217,14.863533916189386,3476.0,2502.0,10.77823153463774,349.09839999999974,313.66359999999975,,116.83153063719308,,
0x60d275c3,2021-06-22,23:44:03,00:36:06,220,25,5,13.21003003746776,14.719321419550466,3124.0,2534.0,10.637875731171029,302.50819999999953,337.2867999999995,,116.33828517158095,,
0x60e326bc,2021-07-05,15:35:24,18:54:03,220,25,5,6.4463203597764895,13.289721470600186,11920.0,2589.0,11.29772379067309,352.3793999999982,352.3793999999982,,48.80171904473765,,
0x60e46459,2021-07-06,14:10:33,14:23:24,220,25,5,13.837069676561988,15.363521205021382,772.0,654.0,2.908068478499617,41.01249999999982,99.08619999999985,,98.51686017829847,,
0x60e47cac,2021-07-06,15:54:20,16:10:07,220,25,5,12.07079880314067,15.330005249490593,948.0,655.0,2.91486796682027,96.13329999999962,39.70009999999968,,128.93192781851386,,
0x60eedd94,2021-07-14,12:50:28,13:54:55,220,25,5,8.960694979409517,14.455675556586028,3868.0,1708.0,7.477886457555918,171.9243999999993,171.9243999999993,,75.60238449493798,,
0x60f30b84,2021-07-17,16:55:32,18:43:28,220,25,5,10.644062860882336,13.444170426434017,6477.0,4080.0,16.37514213510245,658.4966999999999,656.8561999999998,,93.98268837570681,,
0x60f41c30,2021-07-18,12:18:56,12:42:23,220,25,5,12.341061150480297,14.405831738757989,1408.0,1102.0,4.546065564550073,152.56649999999968,133.86479999999972,,110.51552852633993,,
0x60f425c9,2021-07-18,12:59:53,13:45:57,220,25,5,10.27562945471411,15.012450575782742,2765.0,1229.0,5.504690628843979,158.47229999999934,177.1739999999993,,89.98486889898768,,
0x60f6ba27,2021-07-20,11:57:27,13:34:18,220,25,5,7.64348436985098,13.992943223844216,5812.0,1873.0,7.922606635600459,223.76419999999962,220.48319999999967,,64.53407259641843,,
0x60fd5fa1,2021-07-25,12:57:05,13:07:32,220,25,5,8.497406601160518,13.802328218540529,628.0,347.0,1.4825383167913209,29.857099999999036,27.232299999998986,,64.021748098701,,
0x61003d4d,2021-07-27,17:07:25,17:44:04,220,25,5,6.560128075695244,15.027275025504242,2200.0,468.0,2.3897027667743647,56.43319999999926,57.74559999999917,,58.935617565061854,,
0x61009046,2021-07-27,23:01:26,23:32:45,220,25,5,11.544873221264387,15.000139920849682,1880.0,1278.0,5.728579313976551,181.43930000000023,162.4095000000002,,111.24018235643152,,
0x61009dcf,2021-07-27,23:59:11,00:31:08,220,25,5,11.212795269685701,15.219362563492481,1918.0,1073.0,4.870519416017989,148.62929999999994,169.95579999999995,,101.33102076347717,,
0x6106a275,2021-08-01,13:32:37,15:16:10,220,25,5,10.115767032090925,13.735008163099797,6214.0,2848.0,11.874104077688298,335.9743999999995,335.9743999999995,,82.15169918054748,,
0x6109b34e,2021-08-03,21:21:18,22:32:16,220,25,5,12.010606603865806,15.269808709080053,4259.0,2019.0,8.96343419216864,294.6337999999997,294.6337999999997,,113.03413502998738,,
0x610ab544,2021-08-04,15:41:56,16:05:14,220,25,5,12.15694542316149,12.871577840301072,1399.0,1273.0,4.673973591871286,125.99040000000025,123.69370000000026,,91.40296744297639,,
0x610c1282,2021-08-05,16:32:02,17:41:25,220,25,5,7.995480865213671,14.492921525119726,4164.0,1560.0,7.096597929977041,169.62769999999887,169.62769999999887,,67.87959702607695,,
0x610db180,2021-08-06,22:02:40,23:02:03,220,25,5,12.364656043376055,15.429698300711244,3564.0,2414.0,10.778123110855812,358.9414000000006,322.52230000000054,,120.33924358857902,,
0x610ded46,2021-08-07,02:17:42,03:09:39,220,25,5,12.96734868878978,14.370892462423162,3118.0,2574.0,10.583661557953231,306.77349999999933,338.9272999999994,,108.0845672199897,,
0x6112a683,2021-08-10,16:17:07,16:47:48,220,25,5,13.932895916391757,16.018671971610974,1842.0,1308.0,5.981011062024407,140.42679999999962,140.42679999999962,,133.2337809333408,,
0x6119519b,2021-08-15,17:40:43,20:08:47,220,25,5,7.7236710833044775,11.137852247488544,8885.0,3172.0,11.204261468383434,201.4534,201.78149999999994,,48.81174114142692,,
0x611aecf0,2021-08-16,22:55:44,01:11:12,220,25,5,9.2266685708254,14.670480051149628,8129.0,3116.0,13.865853984316134,324.4908999999974,322.52229999999736,,79.17445951359501,,
0x611ee8c3,2021-08-19,23:26:59,01:51:10,220,25,5,12.784686420938412,14.619516898356355,8652.0,5038.0,21.36850457567982,660.1371999999994,660.1371999999994,,113.00314786594383,,
0x612022b9,2021-08-20,21:46:33,23:52:33,220,25,5,6.438411397587935,13.827387996514293,7561.0,1870.0,8.333605353029856,252.96510000000023,252.63700000000017,,51.86485032727332,,
0x61314dad,2021-09-02,22:18:21,01:17:23,220,25,5,11.751116368354667,15.064806521600731,10743.0,4684.0,20.69345069208015,422.26469999999915,422.26469999999915,,105.52161157803779,,
0x613a93ad,2021-09-09,23:07:25,00:06:13,220,25,5,12.957960982021255,14.405799879691804,3529.0,2951.0,12.162818605204144,311.03879999999856,311.03879999999856,,109.44266839349005,,
0x6142844b,2021-09-15,23:39:55,00:07:47,220,25,5,15.881871597884537,17.129144676193413,1673.0,1360.0,6.592513769604133,133.53670000000034,132.88050000000027,,170.85242194761116,,
0x6145243b,2021-09-17,23:26:51,00:12:17,220,25,5,13.527394255254592,14.849602091851311,2727.0,2313.0,9.72217954427436,195.87570000000073,194.5633000000007,,134.63472816364464,,
0x61487368,2021-09-20,11:41:28,12:17:01,220,25,5,13.315966408108688,15.582231707516016,2134.0,1660.0,7.454633455732634,201.78149999999988,148.6292999999999,,133.35774852045446,,
0x6149ca4f,2021-09-21,12:04:31,12:37:34,220,25,5,13.617719929745588,15.814949540771648,1984.0,1561.0,7.141661390080789,100.39859999999999,194.89139999999998,,127.79187373216335,,
0x614ce56c,2021-09-23,20:37:00,23:45:53,220,25,5,14.140402683203922,16.123470068383593,11334.0,5556.0,25.649236460938994,393.0637999999996,393.0637999999996,,138.1595446560953,,
0x614f7e2c,2021-09-25,19:53:16,23:27:08,220,25,5,11.807408196330547,15.019057481418919,12833.0,1795.0,8.433574539474535,150.59790000000004,250.99649999999997,,207.8989493226092,,
0x61539a5e,2021-09-28,22:42:38,23:37:10,220,25,5,9.488706919780709,15.22529424557001,3273.0,1712.0,7.854626170324589,203.75009999999997,203.75009999999997,,90.55358508779963,,
0x6154e84a,2021-09-29,22:27:22,23:40:21,220,25,5,9.61114956840419,13.458806166548698,4380.0,2778.0,11.456430583137271,562.0352999999998,562.0352999999999,,94.41732431071897,,
0x6161eb6a,2021-10-09,19:20:10,22:27:06,220,25,5,13.3346790226973,14.932496044213904,11217.0,7850.0,33.86674424435796,563.675799999999,422.59279999999893,,125.79948460367228,,
0x61624570,2021-10-10,01:44:16,02:37:27,220,25,5,16.206853256488664,17.613793487064683,3192.0,2612.0,13.686545393025805,122.0531999999996,365.8314999999996,,606.4299097695216,,
0x6164b81c,2021-10-11,22:18:04,23:54:11,220,25,5,14.172542471107173,16.236049153938037,5768.0,4733.0,21.91256475345165,244.10639999999972,340.8958999999997,,149.86991393976936,,
0x6167505b,2021-10-13,21:32:11,22:25:12,220,25,5,12.803529906617982,16.931882415809035,3182.0,2021.0,9.987147159304396,326.1314000000004,326.1314000000004,,254.17674504034676,,
0x61689fc1,2021-10-14,21:23:13,00:39:33,220,25,5,12.046617795210512,15.398138968028151,11781.0,7775.0,34.83494447589671,1352.7562999999927,1424.6102,,123.87955008240691,,
0x6168daf8,2021-10-15,01:35:52,01:51:59,220,25,5,13.11771092771455,14.788440101062431,968.0,800.0,3.389061531765124,45.934000000000026,63.32330000000002,,101.23297048312743,,
0x616b0003,2021-10-16,16:38:27,18:04:35,220,25,5,6.409779147204764,11.415386825648937,5169.0,2028.0,7.734868805008401,251.65270000000004,251.65270000000004,,44.976927648774726,,
0x616dd919,2021-10-18,20:29:13,21:54:35,220,25,5,9.164951660097172,13.119732117660496,5123.0,2535.0,10.10014284184951,295.2900000000002,295.2900000000002,,75.49421161556597,,
0x61786004,2021-10-26,20:07:32,20:51:41,220,25,5,14.057906783980679,15.695179846027434,2650.0,2144.0,9.642270092029607,234.91960000000034,286.1032000000003,,136.92926029105953,,
0x61c8ba24,2021-12-26,18:53:24,21:52:03,220,25,5,9.200204284769152,12.49905235801799,10720.0,6824.0,25.868030375665505,395.3604999999997,395.3604999999997,,62.797621000301774,,
0x61cdc210,2021-12-30,14:28:32,15:13:37,220,25,5,8.986483424786279,12.764032590228572,2706.0,1526.0,5.971183972070828,281.18169999999986,271.9948999999999,,86.13439828034191,,
0x61ce0fe7,2021-12-30,20:00:39,20:35:44,220,25,5,10.948920536389146,15.19439245976419,2106.0,1282.0,5.882559043865545,269.04200000000003,277.90070000000003,,107.54138718135293,,
0x620d6eeb,2022-02-16,21:38:51,22:47:00,220,25,5,7.197565050746224,13.378878381099751,4090.0,1958.0,8.177886630557389,206.70299999999992,303.4924999999999,,55.39049135693513,,
0x6210006e,2022-02-18,20:24:14,21:25:49,220,25,5,11.54572115908737,14.654330596862607,3696.0,2767.0,11.854991602459645,209.32779999999997,312.35119999999995,,94.60345366551697,,
0x62155ddf,2022-02-22,22:04:15,22:43:57,220,25,5,9.941864898076036,14.645285493080769,2383.0,1459.0,6.581159916611914,194.2352000000003,194.2352000000003,,90.00984595081184,,
0x621be251,2022-02-27,20:42:57,21:28:05,220,25,5,13.706628999449803,15.59823471647354,2709.0,2142.0,9.66586503572992,191.9384999999997,289.0560999999997,,124.57328365576973,,
0x621e9079,2022-03-01,21:30:33,22:17:07,220,25,5,12.848223128820177,14.692524495362294,2795.0,2303.0,9.69017704019494,114.50690000000088,211.29640000000086,,101.7267657370475,,
0x62239705,2022-03-05,16:59:49,21:56:23,220,25,5,10.780700483260212,15.211011668711134,17795.0,7550.0,34.16923541763014,497.39960000000013,497.39960000000013,,117.68289999189545,,
0x6233ab4a,2022-03-17,21:42:34,22:51:39,220,25,5,12.837178422168053,15.023940176178831,4146.0,3258.0,14.230314927468639,386.1737000000003,245.74690000000032,,127.97997383072749,,
0x6233d62a,2022-03-18,00:45:30,01:54:49,220,25,5,12.36777137754205,14.151036547748296,4160.0,3326.0,13.556808869780971,238.85679999999996,379.6117,,91.50462921344482,,
0x6244cb25,2022-03-30,21:27:01,22:53:41,220,25,5,8.539626484579577,14.75124207983028,5201.0,1644.0,7.332484043294077,311.69499999999925,381.90839999999923,126.95810417340667,80.34452360844278,,84.96664509867358
0x624609b7,2022-03-31,20:06:15,20:49:30,220,25,5,13.713853841092828,15.785236117055263,2596.0,2182.0,9.828791888770029,311.6949999999999,404.87539999999984,146.10930232558138,134.36070594188723,,61.023953488372086
0x62531733,2022-04-10,17:43:15,23:16:32,220,25,5,9.700479712649349,13.55172079092828,19998.0,4766.0,19.27826740110735,1041.3893999999982,1086.0110000000006,138.07492311993292,103.77582619467972,,77.06566955549341
0x6253758a,2022-04-11,00:25:46,00:42:10,220,25,5,11.726972376249151,12.751925452711301,985.0,885.0,3.2094445625468304,45.93400000000014,68.90100000000012,125.48121827411168,73.28488240070247,,75.70345177664976
0x626fed1c,2022-05-02,14:39:24,14:47:03,220,25,5,12.594812150078171,14.993347148782131,460.0,358.0,1.5607630296964192,48.558800000000076,41.34060000000005,126.55381165919283,120.29598384720683,,82.52914798206278
0x627d6b93,2022-05-12,20:18:27,21:26:13,220,25,5,12.08212678349482,15.0554290069767,4067.0,3090.0,13.445196883557692,447.5284000000001,301.85200000000015,146.2356465302047,122.56248024545421,,88.04218671992012
0x627da777,2022-05-13,00:33:59,01:33:27,220,25,5,13.324990045456055,15.025357763332039,3569.0,3101.0,13.210286156229188,166.67480000000046,389.1266000000004,136.03698514990194,102.31781196510728,,76.61972541328103
0x628411bd,2022-05-17,21:21:01,21:50:01,220,25,5,13.429077341600614,15.572860149438476,1741.0,1455.0,6.494529321317856,188.9855999999994,215.23359999999946,141.8719126938541,132.16084985838123,,83.29896611143022
0x62842809,2022-05-17,22:56:09,23:47:52,220,25,5,11.71677924719395,13.809124025035638,3104.0,2585.0,10.102664005141763,365.5033999999998,434.4043999999998,134.73356958762886,105.27867720518111,,80.00038659793815
0x629251cb,2022-05-28,16:46:03,18:21:20,220,25,5,7.780686411165889,10.06343699880986,5718.0,4147.0,11.848564653959642,243.45019999999852,147.6449999999985,104.25182415176943,47.53099287839744,,77.36430134987232
0x62929360,2022-05-28,21:25:52,22:35:01,220,25,5,9.838598879316669,11.07260679000491,4150.0,3620.0,11.299113662567605,178.48639999999955,196.85999999999956,105.21238509917755,55.19919635575068,,78.9676342525399
0x62b657f3,2022-06-25,00:33:55,01:35:26,220,25,5,11.460662052080869,12.685034774326981,3692.0,3237.0,11.704077331022784,151.58219999999972,242.79399999999964,110.28087595212187,76.54015382114167,,78.2657780195865
0x62b855e9,2022-06-26,12:49:45,13:50:23,220,25,5,11.999734287119413,13.77354970447744,3639.0,3090.0,12.130037882507073,230.98240000000078,265.10480000000075,114.6199505358615,95.9832544013154,,81.90263808738665
0x62b871f2,2022-06-26,14:49:22,15:44:20,220,25,5,12.91844841184652,13.935611294321351,3299.0,3042.0,11.839737197827647,138.4582000000001,212.60880000000014,117.60351621703546,90.48092817040553,,83.93373749621098
0x62e5c867,2022-07-31,00:10:15,00:34:54,220,25,5,15.024449519448618,15.188656162084675,1480.0,1459.0,6.1774190244049905,44.62159999999977,111.5539999999998,134.28445945945947,114.31392215271497,,81.30236486486487
0x62fb89a7,2022-08-16,12:12:23,12:35:44,220,25,5,11.86375572660791,17.420118870160724,1402.0,781.0,4.101391893668462,82.6812000000001,149.94170000000008,,118.2872347190573,,
0x62fc07d5,2022-08-16,21:10:45,21:28:37,220,25,5,10.101601708103683,13.81629415926838,1073.0,553.0,2.4005793905194177,94.16469999999993,94.16469999999993,,88.22963672907079,,
0x63069cba,2022-08-24,21:48:42,22:23:21,220,25,5,10.82781773563537,14.839866655637106,2080.0,1335.0,6.005594565667446,280.5254999999999,287.0874999999999,,117.0978156245925,,
0x6306cc85,2022-08-25,01:12:37,01:41:55,220,25,5,12.946725706228744,14.452865889266969,1759.0,1326.0,5.568949003457918,169.6277,259.52709999999996,,104.82082842904208,,
0x6307daf8,2022-08-25,20:26:32,21:33:21,220,25,5,13.390408625127295,15.154353623447605,4010.0,2983.0,12.929426881908407,204.4063000000001,217.20220000000006,,127.92618722014859,,
0x63274b13,2022-09-18,16:45:07,17:48:18,220,25,5,12.873282305238222,15.915664028929173,3792.0,2953.0,13.510012883870717,484.2756000000006,341.8802000000005,153.6390947591318,140.56027439298134,,86.19629433562731
0x633eb635,2022-10-06,11:04:21,12:29:45,220,25,5,11.783546124748796,14.493157926154463,5125.0,3999.0,16.572430217465815,383.8770000000003,481.65080000000023,130.60290341694648,98.3386084483941,,66.54325498716176
0x63e002e8,2023-02-05,19:26:32,22:01:21,220,25,5,8.278513892470649,12.176543340946234,9290.0,4079.0,15.807911565596442,353.03559999999925,409.4687999999993,,55.64459867589869,,
0x63ed2002,2023-02-15,18:10:10,19:51:58,220,25,5,11.018617392784543,12.60786492390181,6109.0,4748.0,17.26601799719043,299.55529999999976,402.57869999999974,,78.65966517374234,,
0x63eeb7ae,2023-02-16,23:09:34,01:42:04,220,25,5,8.745630811150543,13.79036727059437,9151.0,1639.0,7.047940021135941,112.21020000000044,180.12690000000043,,65.69442002013004,,
0x63f2689e,2023-02-19,18:21:18,18:47:42,220,25,5,9.246183762025156,13.535491230867343,1585.0,843.0,3.4649664839789196,72.51009999999991,146.3325999999999,,76.35895350039853,,
0x63f28e19,2023-02-19,21:01:13,21:31:30,220,25,5,7.679256243234073,12.806345743501117,1818.0,855.0,3.6231179571620307,149.94170000000008,77.75970000000007,,75.31545736920636,,
0x63fcaf2d,2023-02-27,13:25:01,13:58:29,220,25,5,11.283376778254837,14.455076208794374,2009.0,1480.0,6.296752642672421,141.73919999999998,181.11119999999994,127.23220507715281,97.23503203513842,,79.8765057242409
0x63fe1e42,2023-02-28,15:31:14,15:57:19,220,25,5,13.496414728234003,15.234449672932183,1566.0,1372.0,5.871133580234363,92.5242000000004,89.89940000000036,139.45242656449554,117.26247356999086,,74.92873563218393
0x6400a24b,2023-03-02,13:19:07,13:32:27,220,25,5,14.227593625017345,14.746031577988417,801.0,767.0,3.166090133055983,74.15060000000028,58.40180000000038,149.29900124843945,126.75143163692599,,76.92921348314607
0x6404ec75,2023-03-05,19:24:37,20:47:05,220,25,5,9.785386107179706,14.14936206673518,4949.0,2498.0,10.29097115741093,221.1393999999995,231.6385999999996,121.78301637612256,80.50953579239305,,77.41553090332805
0x64050b25,2023-03-05,21:35:33,21:41:56,220,25,5,7.035212157740618,13.549001546864375,384.0,142.0,0.6478904291028694,25.59180000000009,9.186800000000119,113.58459214501511,66.33421260983825,,78.49546827794562
0x640f455e,2023-03-13,15:46:38,16:16:57,220,25,5,12.531625605012202,14.706803588328258,1820.0,1476.0,6.227535704055809,110.24159999999955,217.8583999999995,130.4250978200112,102.02607657651203,,67.69161542761319
0x641847af,2023-03-20,11:46:55,23:28:23,220,25,5,5.882058666977749,10.571821417915977,1165289.0,1316.0,4.390842234653029,465.9019999999995,419.3117999999996,132.09918124302195,74.95138299637549,,74.08295496836621
0x642b1bee,2023-04-03,18:33:18,18:51:10,220,25,5,5.743378096809388,10.145603275461957,1073.0,529.0,1.6895103901447617,369.4406,44.62160000000006,151.39423984891408,138.01116326820255,,83.16827195467422
0x642b3068,2023-04-03,20:00:40,20:30:07,220,25,5,10.97624078253681,16.537818695472133,1768.0,702.0,3.4680040535160046,204.07820000000004,528.8972000000001,125.51055408970976,79.80163497483032,,82.34063324538259
0x6432cc92,2023-04-09,14:32:50,15:39:34,220,25,5,12.228856302419077,14.609545838333904,4005.0,3227.0,13.482661444361844,566.9568000000004,423.9052000000003,142.28558830939784,122.24939856112202,,67.33129251700682
0x64335132,2023-04-09,23:58:42,00:56:37,220,25,5,13.68776277426365,14.8948959575924,3476.0,3159.0,13.163065201250207,182.4236000000003,395.03240000000017,135.42807625649914,103.72818318479351,,61.02279029462739
0x64640b84,2023-05-16,23:02:28,23:13:39,220,25,5,15.460790251648605,15.87953348059169,672.0,649.0,2.886795044616906,73.4943999999997,15.092599999999607,147.96205357142858,169.7553881198439,,74.68705357142856
0x64640fad,2023-05-16,23:20:13,00:05:41,220,25,5,7.487446002356153,10.828040338421623,2729.0,1432.0,4.707391947350113,243.45020000000056,228.35760000000062,125.60892620415378,63.62628353327071,,74.20693769332743
0x6464231f,2023-05-17,00:43:11,00:55:58,220,25,5,13.114177757423514,14.07158524907792,768.0,696.0,2.7985617724114027,51.839800000000196,74.80680000000018,124.04622395833333,93.40952297050045,,75.88437500000002
0x64656422,2023-05-17,23:32:50,00:33:49,220,25,5,15.54257357164333,16.252404499482893,3660.0,3486.0,15.802018634400236,417.34319999999957,429.15479999999957,159.29795081967214,149.40966049290444,,71.65188524590164
0x64666d2e,2023-05-18,18:23:42,18:44:23,220,25,5,8.958820913323933,14.397674253048734,1242.0,703.0,2.9711479164575993,114.17880000000014,80.05640000000017,128.53310980720872,90.52699760204094,,81.79647946353731
0x646674d9,2023-05-18,18:56:25,19:13:56,220,25,5,11.278664032266654,14.26130638552224,1052.0,789.0,3.2958765526780964,77.43159999999983,79.40019999999981,129.57461977186313,91.22952150987349,,84.87328897338404
0x6468dcdd,2023-05-20,14:44:45,15:11:58,220,25,5,8.256857161281381,13.328547458364488,1634.0,959.0,3.7477860603469613,145.02019999999948,83.33739999999943,119.1765605875153,76.86382045508817,,76.91848225214198
0x6468f0a8,2023-05-20,16:09:12,16:30:44,220,25,5,11.061265632855505,14.133765232143306,1293.0,951.0,3.9275807917015415,77.43160000000029,139.11440000000022,115.23822605965464,81.89635346408411,,78.37331240188384
0x646aaca8,2023-05-21,23:43:36,00:09:52,220,25,5,15.103679791817562,15.833085377379133,1577.0,1485.0,6.621010312642571,135.83339999999987,95.14899999999989,128.34908053265696,150.34283181117166,,73.58433734939759
0x646d330d,2023-05-23,21:41:33,22:23:58,220,25,5,11.602788078947887,15.014982669236762,2546.0,633.0,2.797788947364572,95.14899999999994,249.35599999999994,122.37946943483276,109.78035093166238,,89.60726643598616
0x647bd17f,2023-06-03,23:49:19,00:19:25,220,25,5,13.571055964781193,15.306218259009167,1807.0,1354.0,5.865864834482099,94.49279999999925,108.9291999999993,137.51285347043702,113.61880461711888,,83.63316195372751
0x647fc3f0,2023-06-06,23:40:32,00:15:32,220,25,5,14.488376188591074,14.973331126643819,2101.0,1459.0,6.37348422681398,131.24,125.99040000000002,137.49810486418193,205.05728771358213,,80.61648768161717
0x64d5639c,2023-08-10,22:24:28,22:57:31,220,25,5,11.996846498001597,13.03001273520961,1984.0,1754.0,6.450009789843677,395.68860000000035,290.0404000000004,154.27416020671834,127.21601767585061,,84.65488372093024
0x64d57601,2023-08-10,23:42:57,00:13:45,220,25,5,12.649476746139557,14.009035853790802,1849.0,1624.0,6.497055028141314,269.04200000000014,366.8158000000002,149.45294753921038,108.72368158658247,,80.84580854515954
0x64d78b74,2023-08-12,13:39:00,14:12:13,220,25,5,14.246489228257538,15.368782197164844,1994.0,1302.0,5.643590693692915,99.7424000000002,96.46140000000014,144.49894810659185,128.8668355058078,,78.95715287517531
0x64dfe4bc,2023-08-18,21:38:04,00:39:46,220,25,5,12.117619987183028,13.942988414309697,10903.0,7530.0,30.59720187529034,614.5312999999979,710.3364999999965,,95.51298028301213,,
0x64e07c36,2023-08-19,08:24:22,12:34:29,220,25,5,12.310992498774747,15.80243077574437,187808.0,1342.0,6.022180020057413,99.08620000000053,192.26660000000055,130.3268029528677,113.58400580705212,,80.69505962521295
0x64ee48c6,2023-08-29,19:36:38,19:54:15,220,25,5,3.6211205905542605,11.805122082657567,1058.0,207.0,0.7284153445407135,90.55560000000008,183.73600000000016,124.19682320441989,19.994236816376187,,81.16436464088397
0x64ee5731,2023-08-29,20:38:09,20:48:42,220,25,5,17.267582785645086,17.996688266783266,634.0,589.0,2.9745257009240182,36.090999999999724,70.8695999999997,154.1233870967742,172.28921559815208,,84.25370967741934
0x64fde803,2023-09-10,16:00:03,16:51:23,220,25,5,10.400758528012563,13.126796288458921,3081.0,2288.0,8.803912850974804,224.420400000001,325.475200000001,118.40991138825073,75.70604115479745,,82.18585493928454
0x64fe0da4,2023-09-10,18:40:36,19:24:16,220,25,5,10.799443723473397,13.157594004214353,2621.0,2013.0,7.517655860694297,216.54600000000016,192.26660000000015,121.89305666400638,84.5024665038822,,84.79185953711094
0x650755ae,2023-09-17,19:38:22,21:19:44,220,25,5,8.69756487920786,11.382886784010315,6083.0,4346.0,14.36140735526017,572.2064000000001,526.9286,114.73687752355316,65.23481556212998,,81.71621803499328
0x65077dc2,2023-09-17,22:29:22,23:48:06,220,25,5,10.333393801646064,12.160699923195331,4725.0,3906.0,13.476713776630127,461.30860000000075,482.9632000000007,131.29062832800852,76.32276248660598,,73.78875399361021
0x65296a14,2023-10-13,16:02:28,16:46:08,220,25,5,13.08643748137324,14.997785400905055,2621.0,2009.0,8.629786920367422,144.03589999999951,255.5898999999995,,106.92941559622001,,
0x65299cc3,2023-10-13,19:38:43,20:34:52,220,25,5,10.036303260503399,13.82281093738573,3370.0,1972.0,8.60640607636641,276.9163999999996,166.0185999999996,,86.67519353423528,,
0x65bfd8be,2024-02-04,18:34:38,19:28:53,220,25,5,9.52735691801831,12.342947890344236,3256.0,2351.0,8.458263921286937,187.67320000000007,279.5412,115.5555381727159,65.61820367858171,,78.10387984981226
0x65cbcb8d,2024-02-13,20:05:33,20:51:03,220,25,5,10.363345287135703,13.050480994829487,2731.0,1756.0,6.83480402451221,242.79400000000032,242.79400000000032,,82.78780211278077,,
0x661c5dfa,2024-04-14,22:51:38,23:14:49,220,25,5,5.725682771082865,10.515063159469968,1392.0,675.0,2.148721506592486,225.7328000000001,219.1708000000001,117.25869726128794,65.12767509619647,,85.49637305699481
0x661ff649,2024-04-17,16:18:17,18:26:22,220,25,5,7.142025904037324,12.506619174514123,7686.0,3072.0,12.22523231690288,1375.3951999999986,1339.3042000000007,144.48003894839337,88.38206740318664,,83.41158714703019
0x663a3144,2024-05-07,13:48:52,16:32:57,220,25,5,12.223941040001797,14.645619083239062,5280246.0,8762.0,35.946595173075714,562.3634000000011,547.927000000001,136.7195352352163,99.89452059532114,,83.77269979217836
0x663c00a2,2024-05-08,22:45:54,23:55:29,220,25,5,8.652485564832851,10.287777877977055,4176.0,2246.0,7.47119885365414,657.1843,656.5281,,91.31121718486384,,
0x66452ebc,2024-05-15,21:53:00,23:24:13,220,25,5,12.071954836853928,13.298839054881741,5474.0,3455.0,13.192520125539428,300.21150000000006,299.22720000000015,,94.05580156666772,,
0x6647e479,2024-05-17,23:12:57,00:55:30,220,25,5,14.820830421174199,15.589167541427415,6154.0,3493.0,15.286096338048187,262.1518999999998,262.1518999999998,,139.93740319617154,,
0x6653585c,2024-05-26,15:42:20,16:10:25,220,25,5,10.27255794540185,11.997267456992445,1686.0,1038.0,3.7072788754501116,346.14549999999974,345.48929999999973,,124.31541261576267,,
0x6657ad77,2024-05-29,22:34:31,00:12:31,220,25,5,10.606016605051483,12.4032172319861,5881.0,2356.0,8.791491226629688,683.1041999999994,682.7760999999994,,117.57695628475838,,
0x667025b0,2024-06-17,12:01:52,12:39:28,220,25,5,10.525993469091546,12.60139879587717,2257.0,1291.0,4.9382201516808015,397.65720000000044,392.0795000000005,,117.64075915444353,,
0x6671743e,2024-06-18,11:49:18,12:42:10,220,25,5,14.888358331946183,15.80701810932579,3173.0,2727.0,12.117659962028359,221.13939999999968,221.13939999999968,,136.06095631513983,,
0x6672cb0c,2024-06-19,12:11:56,12:29:26,220,25,5,6.945266642515224,10.364869277692193,1051.0,316.0,1.1154984907342445,68.57289999999989,67.91669999999988,,55.666836270607156,,
0x66741b3e,2024-06-20,12:06:22,12:38:56,220,25,5,15.199345132834393,16.004189219498734,1955.0,1635.0,7.329778884157698,139.7706,139.7706,,142.73164041830393,,
0x66780269,2024-06-23,11:09:29,12:45:59,220,25,5,14.198051722511675,14.768503175965936,5791.0,5042.0,20.942177878102125,253.2931999999999,253.2931999999999,,119.60733385222119,,
0x6683e6f0,2024-07-02,11:39:28,12:26:47,220,25,5,14.329680207093698,14.741314180865253,2840.0,2653.0,10.938850324607845,190.62609999999944,190.62609999999944,,118.84771204364391,,
0x6687e058,2024-07-05,12:00:24,12:57:47,220,25,5,14.872729377949252,15.57216519042197,3444.0,3059.0,13.319929488399783,242.79399999999924,242.79399999999924,,131.90035030010958,,
0x66894cad,2024-07-06,13:54:53,15:43:20,220,25,5,14.71651393990865,15.550315422984582,6508.0,4876.0,21.318884474590966,349.09839999999946,348.77029999999945,,131.10287238741583,,
0x668f1980,2024-07-10,23:30:08,00:33:02,220,25,5,15.370061945869773,15.730533194153505,3775.0,3483.0,15.336854791551378,275.932099999999,275.603999999999,,138.6041292199741,,
0x669d9406,2024-07-21,23:04:38,00:21:36,220,25,5,8.387885528873014,10.847698857119624,4619.0,968.0,3.1982399390313683,261.8238,262.48,,79.71309034403927,,
0x669f97d7,2024-07-23,11:45:27,12:42:29,220,25,5,15.179839830452723,15.447796840129074,3423.0,3252.0,14.046111152680902,251.65269999999902,251.98079999999902,,134.38023268394323,,
0x66a0f10b,2024-07-24,12:18:19,13:04:59,220,25,5,14.46843288719688,15.081164101983575,2801.0,2322.0,9.822580800647081,169.2995999999997,169.62769999999972,,123.02072702471177,,
0x66a3991f,2024-07-26,12:39:59,13:41:52,220,25,5,13.390025462754965,14.033854273517578,3714.0,3296.0,13.070152763500884,212.60879999999992,212.60879999999992,,108.84215948191236,,
0x66a57faf,2024-07-27,23:15:59,00:33:57,220,25,5,13.46622098720316,14.77082361241931,4679.0,3093.0,12.946799258677146,227.70139999999947,226.38899999999944,,114.29542268984015,,
0x66a663d9,2024-07-28,15:29:29,17:48:32,220,25,5,8.217521834800435,13.108157799993439,8344.0,4787.0,18.693982437510357,761.1920000000007,742.1622000000007,133.06498900561934,70.38627087974,,88.17106034693379
0x66a8c55e,2024-07-30,10:50:06,11:28:32,220,25,5,16.44248962575781,16.89331912416898,2307.0,2236.0,10.536983756825695,248.0435999999999,184.39219999999995,155.77178153446033,175.156881855247,,74.29609882964888
0x66a8cf77,2024-07-30,11:33:11,12:12:09,220,25,5,15.797954990706339,16.51023039801078,2339.0,2229.0,10.265013458238625,204.07820000000027,270.3544000000003,157.507054296708,145.77906282474515,,75.79333048311246
0x66ace801,2024-08-02,14:06:57,15:07:32,220,25,5,14.993457477061543,15.235258562316366,3636.0,3388.0,14.410919057148625,214.24929999999972,213.92119999999977,,132.780812672422,,
0x66af945e,2024-08-04,14:46:54,19:13:42,220,25,5,12.316478978722843,14.337644045669732,16009.0,9812.0,40.08772605487004,1091.5886999999998,1089.6200999999994,,104.7637549182474,,
0x66b21062,2024-08-06,12:00:34,12:49:09,220,25,5,15.952979353877204,16.461781033739037,2916.0,2645.0,12.253029009605896,214.57739999999956,214.2492999999996,,158.75935356213304,,
0x66b69d35,2024-08-09,22:50:29,23:35:48,220,25,5,15.624389539508792,16.610909410721664,2720.0,2345.0,10.929590967087536,218.84269999999964,167.65909999999968,,162.6105997003775,,
0x66b6ae72,2024-08-10,00:04:02,00:58:03,220,25,5,13.180826359506598,13.916211005563607,3242.0,2775.0,10.878083752711234,161.42519999999973,212.6087999999997,,96.00571157518303,,
0x66b8afe9,2024-08-11,12:34:49,16:29:17,220,25,5,15.34635989494053,15.895487914427191,14069.0,10400.0,46.299178699690714,659.8090999999961,659.8090999999954,,141.39047312011354,,
0x66bd424b,2024-08-14,23:48:27,00:45:23,220,25,5,16.09147666207017,16.45806276398385,3417.0,3217.0,14.791305322114418,268.7138999999992,268.7138999999992,,155.40379311949255,,
0x66be8d6a,2024-08-15,23:21:14,00:07:19,220,25,5,13.717005981325345,15.855935095145336,2766.0,2367.0,10.539232928984973,261.1676000000001,237.5444000000001,142.87454808387562,134.5210627636729,,84.17982646420825
0x66c0932a,2024-08-17,12:10:18,15:53:01,220,25,5,13.565535445513865,15.778976145262753,13364.0,11362.0,50.15502506687153,978.3941999999979,963.3015999999978,140.93846731780616,122.8887547511244,,79.37685199098422
0x66c904f9,2024-08-23,21:54:01,22:50:27,220,25,5,10.383562648673719,11.191872825356336,3387.0,2988.0,9.50433064696488,266.08910000000014,250.9965000000003,,71.12479682653701,,
0x66c9d1a5,2024-08-24,12:27:17,16:15:44,220,25,5,13.130242012477838,13.643600077478697,13708.0,10755.0,41.27295606842247,739.2093000000006,740.8498000000005,,99.46903513974296,,
0x66ce5861,2024-08-27,22:51:13,00:33:34,220,25,5,12.453686905952116,14.248629216309107,6142.0,5323.0,21.286734447553112,339.9115999999995,362.22239999999954,,100.3588776581003,,
0x66d0d787,2024-08-29,20:18:15,21:36:47,220,25,5,9.6566420084507,14.514409076932578,4713.0,2990.0,12.30979378514326,312.3511999999994,291.3527999999994,120.2121377206363,80.89293252852033,,92.76480714752668
0x66da3570,2024-09-05,22:49:20,00:06:54,220,25,5,11.16023706533442,12.73281808856014,4655.0,3962.0,14.322306692308182,507.24260000000004,496.08720000000005,125.70627705627706,90.07088491405075,,87.75772727272728
0x66da5429,2024-09-06,01:00:25,01:21:46,220,25,5,10.208039805546568,11.394047727064278,1282.0,1086.0,3.595519411057647,93.83659999999969,88.5869999999997,125.72555205047318,71.12569050876608,,84.54779179810726
0x66dc7f72,2024-09-07,16:29:38,18:30:09,220,25,5,12.585021418828754,15.491510355799559,7232.0,5707.0,24.84276138368703,818.9376000000002,792.6896000000003,131.30861244019138,116.65404932373681,,76.09746692935549
0x66ddcd9f,2024-09-08,16:15:27,17:29:02,220,25,5,9.178537289607343,13.950902841518902,4416.0,2722.0,10.879993871038641,259.85520000000065,204.73440000000062,118.76482306069838,78.76837898236009,,76.85910475744083
0x66dde586,2024-09-08,17:57:26,21:40:43,220,25,5,10.49882627107836,15.010840113130243,13398.0,9001.0,38.43225684575826,732.975400000001,636.5140000000009,126.94737441189862,91.81737975825041,,77.05859766277129
0x66e0c792,2024-09-10,22:26:26,23:31:56,220,25,5,15.566925186267728,16.70271872446695,3931.0,3570.0,16.652624338216494,431.77959999999973,417.3431999999997,144.1813814593612,158.5302052388341,,81.93913269280706
0x66e6eaf8,2024-09-15,14:11:04,19:58:16,220,25,5,9.717680883059248,14.361427366826383,20833.0,13570.0,55.050832685174534,1118.1647999999961,1065.012599999997,127.91073354908306,78.71180691929985,,86.42842012356576
0x66ea0c52,2024-09-17,23:10:10,23:34:52,220,25,5,4.302691367332515,11.706147610889207,1483.0,446.0,1.772641394426855,120.4127000000002,120.4127000000002,,43.538511057353944,,
0x66ecad9f,2024-09-19,23:02:55,00:01:08,220,25,5,11.48406905380046,12.33614227193286,3494.0,3219.0,11.101370442672568,170.61200000000008,171.2682000000001,108.51896551724138,77.0780613876281,,81.0158620689655
0x66edfad7,2024-09-20,22:44:39,23:52:51,220,25,5,12.929272368447375,14.536025022883729,4093.0,3594.0,14.649613405933374,360.2537999999995,358.28519999999946,124.52096101985781,107.65522575331178,,88.55459671488109
0x66f02906,2024-09-22,14:26:14,20:04:35,220,25,5,10.93254388555954,14.878488841250784,20302.0,14397.0,60.344660668231064,1168.6921999999918,1126.039199999996,135.53713955009815,91.89583558783977,,87.64519148507877
0x66f5e191,2024-09-26,22:34:57,23:42:34,220,25,5,11.11877224579714,12.216431687330205,4058.0,3667.0,12.533328083083843,263.79239999999857,260.5113999999986,103.0505174963036,76.30603098254365,,72.93070478068014
0x66fbe94a,2024-10-01,12:21:30,18:53:22,220,25,5,11.137556818023787,13.753470262103102,23513.0,18466.0,71.35542799993493,1286.1519999999953,1220.5319999999967,126.06070065903573,85.5257627573203,,74.36657127991674
0x67092425,2024-10-11,13:12:05,20:50:02,220,25,5,8.424636098313325,11.791957622317117,27478.0,18732.0,63.397110775858906,1437.734199999993,1059.1068000000005,120.88713547434477,59.03048540696946,,75.39315614617941
0x670a72f5,2024-10-12,13:00:37,20:44:22,220,25,5,8.388079948519653,12.803738148219786,27826.0,17149.0,64.0872853391604,1763.2094000000102,1540.1014000000116,117.40714415560807,63.92318524604605,,81.43553899291038
0x670bcd4d,2024-10-13,13:38:21,20:38:25,220,25,5,7.8338228660280125,11.978357708590432,25205.0,14284.0,50.055952052011776,2414.815999999963,1931.852800000002,132.3328044168152,66.4194494677523,,81.1962309264009
0x670d1347,2024-10-14,12:49:11,20:59:03,220,25,5,6.643570841001415,11.711288266947001,29393.0,15008.0,51.39297400238321,1383.9257999999836,1747.460599999992,108.54781312841138,41.833962073469756,,74.97558172938811
0x670e5fca,2024-10-15,12:27:54,23:03:32,220,25,5,6.978285338537913,10.892582974324876,38139.0,21620.0,69.34708834005495,2809.1921999999486,2619.550399999983,118.41487071977637,50.77188988951511,,74.2650566037736
0x670fd950,2024-10-16,15:18:40,21:14:09,220,25,5,7.257247896559489,10.807354358958438,21330.0,13499.0,42.58211027391185,1584.0667999999978,1887.2312000000002,112.31950099422403,46.54140779269097,,74.73828235962506
0x67128feb,2024-10-18,16:42:19,17:30:39,220,25,5,8.474914649361443,9.200931024679331,2901.0,2527.0,6.829400939555701,127.30280000000005,206.04680000000008,91.81196139262323,38.64050379384906,,71.40734229576009
0x6712b38f,2024-10-18,19:14:23,20:03:48,220,25,5,9.001679100943111,10.271088947015855,2966.0,2494.0,7.416620918089293,265.104800000001,137.14580000000115,109.49612272420768,71.00435083137494,,74.92296021577883
0x6779a744,2025-01-04,21:25:24,22:38:05,220,25,5,11.970628868899409,12.716849399237557,4362.0,3541.0,12.809298478368435,221.79559999999998,221.79559999999998,,85.27856981090622,,
0x67c1fbd4,2025-02-28,18:09:24,21:22:32,220,25,5,9.895434438619233,11.815044526409197,11589.0,4779.0,16.69631893181248,437.3573000000001,437.3573000000001,,70.36621333198039,,
0x67c4e039,2025-03-02,22:48:25,23:10:20,220,25,5,10.026251329156821,11.685465591324922,1316.0,903.0,3.2102917018147528,201.78150000000016,200.1410000000002,,94.27941308908481,,
0x67d1ffec,2025-03-12,21:43:08,23:27:14,220,25,5,9.21950160976049,10.9631518782622,6247.0,1846.0,6.110746020358605,249.02790000000084,249.02790000000084,,65.76624931095175,,
0x67f95484,2025-04-11,17:42:28,18:44:05,220,25,5,9.783532374126729,13.021450738370051,3698.0,2641.0,9.83587797682525,240.82540000000012,248.04360000000008,125.31597126277977,69.76846059942318,,68.32428847747995
0x67faa109,2025-04-12,17:21:13,19:45:35,220,25,5,10.478525466326483,14.0412839691321,8663.0,6199.0,24.563777767924666,495.43100000000027,431.7796000000003,141.35199668207133,83.75167871633732,,73.36128688233205
0x68080174,2025-04-22,20:52:04,22:06:47,220,25,5,11.918815171068156,14.51161206788012,4484.0,3629.0,14.772916091684039,428.49859999999956,408.8125999999995,137.659793814433,104.38357885853199,,82.11539668310175
0x680b85ff,2025-04-25,12:54:23,13:38:38,220,25,5,12.051748719702044,12.703143299048953,2656.0,2471.0,8.7820293223238,223.76419999999996,210.64019999999994,122.1157072054899,89.75959920396197,,74.10819672131147
0x681a7b31,2025-05-06,21:12:17,21:23:42,220,25,5,14.777524393553543,18.9113441943621,686.0,496.0,2.6528976914111104,144.36400000000015,433.74820000000017,130.47910216718267,331.40361511123587,33.10871583269259,80.38823529411764
